site,HC5_aj,lower,HC5_50th,upper
Ethiopia,0.00582986287898777,0.000785724093702025,0.00802711161659471,0.0704507113577329
China,0.0232394834395828,0.00436591864197886,0.0273303971682877,0.164928312909547
Spain,0.0119167875997772,0.00230052687096646,0.0138146294184069,0.0931893244541635
Bangladesh,0.0454815323102523,0.00781067693649061,0.0538007509131979,0.351974535203989
Japan,0.0181838978094525,0.00604280855480913,0.0212347149081502,0.0692399007846258
Germany,0.00173004203973036,0.000240134361029445,0.00246906699776035,0.02065025732668
Canada,0.00248078180653688,0.000286210536347483,0.00361625667688726,0.0367685113326325
Tox dataset,0.00169434300567219,0.000462146383280823,0.00198543210168134,0.00858166366827252
